# word	focused meaning	original English learning sentence	Chinese translation
government	n. 政府	The government announced a new education policy.	政府公布了一项新的教育政策。
system	n. 系统	The new system saves us a lot of time.	新系统为我们节省了很多时间。
provide	v. 提供	The library can provide useful information.	图书馆可以提供有用的信息。
point	n. 要点；观点	Your main point is clear.	你的主要观点很清楚。
follow	v. 遵循	Please follow the instructions carefully.	请仔细按照说明操作。
within	prep. 在……之内	Please return the book within two weeks.	请在两周内归还这本书。
local	adj. 当地的	We bought fresh fruit at the local market.	我们在当地市场买了新鲜水果。
state	n. 状态	The building is in a poor state.	这栋建筑的状况很差。
social	adj. 社会的	The study examines a social problem.	这项研究考察了一个社会问题。
business	n. 生意；企业经营	She wants to start her own business.	她想自己创业。
interest	n. 兴趣	He has a strong interest in history.	他对历史有浓厚的兴趣。
national	adj. 全国性的；国家的	The event received national attention.	这件事引起了全国的关注。
level	n. 水平	Her English is at an advanced level.	她的英语达到了较高水平。
include	v. 包括	The price does not include breakfast.	这个价格不包括早餐。
perhaps	adv. 也许	Perhaps we should ask for advice.	也许我们应该征求意见。
policy	n. 政策；方针	The company changed its policy on remote work.	公司改变了有关远程工作的政策。
council	n. 地方议会；委员会	The council discussed the housing plan.	地方议会讨论了住房计划。
court	n. 法院	The case will be heard in court.	此案将在法庭上审理。
effect	n. 影响；效果	Sleep has a clear effect on concentration.	睡眠对注意力有明显影响。
result	n. 结果	The result was better than we expected.	结果比我们预期的更好。
line	n. 队列	We waited in line for tickets.	我们排队等着买票。
law	n. 法律	Everyone must obey the law.	每个人都必须遵守法律。
later	adv. 稍后；以后	We can discuss the details later.	我们可以稍后讨论细节。
authority	n. 权力；职权	She has the authority to approve the request.	她有权批准这项申请。
political	adj. 政治的	They discussed the political situation.	他们讨论了政治局势。
minister	n. 部长	The minister answered questions from reporters.	部长回答了记者的提问。
produce	v. 生产	The factory can produce a thousand units a day.	这家工厂每天能生产一千件产品。
rate	n. 速度；速率	Plants grow at a different rate in winter.	植物在冬天以不同的速率生长。
general	adj. 总体的；大体的	The report gives a general picture of the problem.	报告大体描述了这个问题。
war	n. 战争	The novel describes life during the war.	这部小说描写了战争期间的生活。
offer	v. 提供；主动提出	They can offer help with your application.	他们可以为你的申请提供帮助。
view	n. 观点	I understand your point of view.	我理解你的观点。
consider	v. 考虑	We need to consider other options.	我们需要考虑其他选择。
term	n. 术语	The teacher explained the meaning of the term.	老师解释了这个术语的含义。
towards	prep. 朝；向	She walked towards the station.	她朝车站走去。
public	n. 公众	The museum is open to the public.	这座博物馆向公众开放。
require	v. 需要	Some tasks require careful planning.	有些任务需要认真规划。
continue	v. 继续	Please continue with your explanation.	请继续你的解释。
period	n. 一段时期	Sales fell during this period.	销售额在这段时期下降了。
figure	n. 数字	Check each figure before sending the report.	发送报告前要核对每个数字。
society	n. 社会	Education plays an important role in society.	教育在社会中发挥着重要作用。
centre	n. 中心	The hotel is close to the city centre.	这家酒店靠近市中心。
lose	v. 失去	Do not lose confidence after one mistake.	不要因为一次错误就失去信心。
probably	adv. 很可能；大概	The meeting will probably finish before noon.	会议很可能在中午之前结束。
available	adj. 可获得的；可使用的	More information is available online.	网上可以查到更多信息。
community	n. 社区	Volunteers help people in the community.	志愿者帮助社区里的人。
action	n. 行动	The problem needs immediate action.	这个问题需要立即采取行动。
issue	n. 问题；议题	We discussed the issue at the meeting.	我们在会上讨论了这个问题。
process	n. 过程	Learning a language is a gradual process.	学习语言是一个渐进的过程。
remain	v. 保持；仍然是	Please remain calm during the discussion.	请在讨论过程中保持冷静。
position	n. 位置	Move the chair to a different position.	把椅子移到另一个位置。
course	n. 课程	She is taking a course in economics.	她正在学习一门经济学课程。
actually	adv. 实际上	The task was actually quite simple.	这项任务实际上很简单。
type	n. 类型	What type of music do you enjoy?	你喜欢什么类型的音乐？
research	n. 研究	The team carried out research on water quality.	这个团队开展了水质研究。
value	n. 价值	The value of good advice is easy to overlook.	良好建议的价值很容易被忽视。
force	n. 力	The wind pushed the door with great force.	风用很大的力把门推开了。
main	adj. 主要的	What is the main reason for the change?	这次改变的主要原因是什么？
decision	n. 决定	We need more information before making a decision.	作决定前我们需要更多信息。
industry	n. 行业；产业	She works in the tourism industry.	她在旅游业工作。
patient	n. 病人	The doctor listened carefully to the patient.	医生仔细听病人讲述情况。
win	v. 赢得	Hard work can help you win people's trust.	努力工作可以帮助你赢得人们的信任。
major	adj. 主要的；重大的	Cost is a major concern for small companies.	成本是小公司的主要关注点。
describe	v. 描述	Can you describe what happened?	你能描述一下发生了什么吗？
condition	n. 状况	The machine is in good condition.	这台机器状况良好。
economic	adj. 经济的	The report discusses economic growth.	这份报告讨论了经济增长。
reach	v. 达到	We hope to reach our goal this year.	我们希望今年达到目标。
upon	prep. 在……时	Please call me upon arrival.	请在到达时给我打电话。
century	n. 世纪	The house was built in the last century.	这栋房子建于上个世纪。
therefore	adv. 因此	The road is closed; therefore, we need another route.	道路封闭了，因此我们需要另一条路线。
section	n. 部分；章节	Read the final section of the report.	阅读报告的最后一部分。
sense	n. 感觉；意识	The project gave her a sense of achievement.	这个项目让她有了成就感。
involve	v. 涉及；包含	The job may involve some travel.	这份工作可能需要出差。
sort	n. 种类	What sort of help do you need?	你需要哪种帮助？
likely	adj. 很可能的	Rain is likely this afternoon.	今天下午很可能下雨。
staff	n. 全体员工	The staff received extra training.	全体员工接受了额外培训。
real	adj. 真实的	The film is based on a real story.	这部电影根据一个真实故事改编。
team	n. 团队	Our team is working on a new design.	我们的团队正在开发一项新设计。
experience	n. 经验	She has experience in teaching young children.	她有教幼儿的经验。
particular	adj. 特定的；特别的	Pay particular attention to the final paragraph.	特别注意最后一段。
international	adj. 国际的	He attended an international conference.	他参加了一次国际会议。
special	adj. 特别的	The museum has a special exhibition this month.	这家博物馆本月有一场特别展览。
particularly	adv. 尤其；特别	I particularly enjoyed the final chapter.	我尤其喜欢最后一章。
management	n. 管理	Good time management can reduce stress.	良好的时间管理可以减轻压力。
department	n. 部门；系	She works in the sales department.	她在销售部门工作。
create	v. 创造	The new factory will create more jobs.	这家新工厂将创造更多就业机会。
committee	n. 委员会	The committee will review the proposal.	委员会将审查这项提议。
product	n. 产品	The company tested its new product.	公司测试了它的新产品。
whole	adj. 整个的	We spent the whole day preparing the room.	我们花了一整天布置房间。
evidence	n. 证据	There is little evidence to support the claim.	几乎没有证据支持这个说法。
rather	adv. 相当	The room was rather small.	这个房间相当小。
union	n. 工会	The union asked for better working conditions.	工会要求改善工作条件。
role	n. 作用；角色	Exercise plays an important role in health.	运动对健康有重要作用。
cause	n. 原因	The cause of the problem is still unclear.	这个问题的原因仍不清楚。
thus	adv. 因此	The bus was delayed, thus making us late.	公交车延误了，因此我们迟到了。
support	v. 支持	We need evidence to support our argument.	我们需要证据来支持我们的论点。
stage	n. 阶段	The project is still at an early stage.	这个项目仍处于早期阶段。
range	n. 范围	The store sells a wide range of books.	这家店出售种类繁多的书籍。
trade	n. 贸易	The city has a long history of trade.	这座城市有悠久的贸易历史。
voice	n. 声音	She spoke in a quiet voice.	她轻声说话。
history	n. 历史	The course introduces the history of science.	这门课程介绍科学史。
material	n. 材料	This material is light but strong.	这种材料轻而坚固。
situation	n. 情况	We need to understand the situation first.	我们需要先了解情况。
record	n. 记录	Keep a record of your daily progress.	记录你每天的进步。
project	n. 项目	The students completed the project together.	学生们一起完成了这个项目。
training	n. 培训；训练	The job includes three weeks of training.	这份工作包含三周的培训。
explain	v. 解释	Could you explain the rule again?	你能再解释一次这条规则吗？
central	adj. 核心的	Trust is central to a good relationship.	信任是良好关系的核心。
apply	v. 申请	You can apply for the job online.	你可以在网上申请这份工作。
increase	v. 增加	The company plans to increase production.	公司计划增加产量。
university	n. 大学	She hopes to study at a university abroad.	她希望到国外的一所大学学习。
relationship	n. 关系	They have a close working relationship.	他们有密切的工作关系。
claim	n. 说法；主张	The article makes a surprising claim.	这篇文章提出了一个令人惊讶的说法。
indeed	adv. 的确	The exam was difficult indeed.	这次考试的确很难。
quality	n. 质量	We check the quality of every product.	我们检查每件产品的质量。
rule	n. 规则	This rule applies to every student.	这条规则适用于每个学生。
tax	n. 税	The price includes tax.	这个价格包含税费。
pound	n. 英镑	This notebook costs one pound.	这本笔记本售价一英镑。
nature	n. 大自然	The park offers a chance to enjoy nature.	这个公园让人们有机会享受大自然。
common	adj. 常见的	This is a common mistake among beginners.	这是初学者常犯的错误。
officer	n. 警官	The officer asked us a few questions.	警官问了我们几个问题。
structure	n. 结构	The essay has a clear structure.	这篇文章结构清晰。
contain	v. 包含	The box may contain important documents.	盒子里可能装有重要文件。
unit	n. 单元	Complete the exercises in the next unit.	完成下一个单元的练习。
method	n. 方法	We tried a different method of learning.	我们尝试了另一种学习方法。
movement	n. 运动；移动	The sensor detects movement in the room.	传感器能检测到房间里的移动。
detail	n. 细节	One small detail can change the meaning.	一个小细节就能改变意思。
reduce	v. 减少	We should reduce unnecessary waste.	我们应该减少不必要的浪费。
especially	adv. 尤其	I enjoy reading, especially before bed.	我喜欢阅读，尤其是在睡前。
personal	adj. 个人的	Do not share your personal information with strangers.	不要向陌生人透露个人信息。
establish	v. 建立	The researchers hope to establish a clear link.	研究人员希望建立一个明确的关联。
private	adj. 私人的	This is a private conversation.	这是一次私人谈话。
approach	n. 方法	We need a new approach to the problem.	我们需要一种解决这个问题的新方法。
scheme	n. 计划；方案	The school introduced a new recycling scheme.	学校推出了一项新的回收计划。
president	n. 会长；总裁	The club elected a new president.	俱乐部选出了一位新会长。
award	n. 奖项	She received an award for her research.	她因自己的研究获得了一个奖项。
seek	v. 寻求	Students can seek advice from their teachers.	学生可以向老师寻求建议。
achieve	v. 达到；实现	Practice can help you achieve your goals.	练习可以帮助你实现目标。
chapter	n. 章	The next chapter explains the main theory.	下一章解释主要理论。
deal	n. 协议；交易	They reached a deal after a long discussion.	经过长时间讨论，他们达成了一项协议。
theory	n. 理论	The experiment supports the theory.	这项实验支持这个理论。
property	n. 特性	This material has an unusual property.	这种材料具有一种不寻常的特性。
financial	adj. 财务的；金融的	The company is facing financial difficulties.	公司正面临财务困难。
director	n. 导演	The director discussed the film with the actors.	导演与演员们讨论了这部电影。
leader	n. 领导者	A good leader listens to the team.	一个好的领导者会听取团队的意见。
firm	n. 公司	She works for a small design firm.	她在一家小型设计公司工作。
application	n. 申请	Please submit your application before Friday.	请在星期五之前提交申请。
production	n. 生产	The factory increased production last month.	工厂上个月增加了产量。
board	n. 木板	He placed a board across the gap.	他在缺口上架了一块木板。
opportunity	n. 机会	The course gave me an opportunity to improve.	这门课程给了我一个提高的机会。
operation	n. 手术	The patient recovered well after the operation.	病人在手术后恢复良好。
share	v. 分享	We can share our notes after class.	我们可以在课后分享笔记。
lord	n. 领主	The lord owned land near the village.	这位领主在村庄附近拥有土地。
test	n. 测试	The students took a short test.	学生们参加了一次简短的测试。
contract	n. 合同	Read the contract before you sign it.	签字前请阅读合同。
recent	adj. 最近的	A recent study examined the issue.	最近的一项研究考察了这个问题。
security	n. 安全	The company improved the security of its website.	公司提高了网站的安全性。
source	n. 来源	Always check the source of the information.	始终核对信息来源。
occur	v. 发生	Errors can occur when we work too quickly.	我们工作过快时可能会出现错误。
election	n. 选举	The club will hold an election next week.	俱乐部下周将举行一次选举。
allocate	v. 分配	We need to allocate more time to revision.	我们需要分配更多时间用于复习。
facilitate	v. 促进；使便利	Clear instructions can facilitate learning.	清晰的说明可以促进学习。
innovation	n. 创新	The company encourages innovation in product design.	公司鼓励产品设计方面的创新。
stimulate	v. 激发；促进	The discussion may stimulate new ideas.	这场讨论可能激发新的想法。
integrity	n. 正直；诚信	People trust her because of her integrity.	人们因为她的正直而信任她。
consequence	n. 后果	Every decision has a consequence.	每个决定都会产生后果。
substantial	adj. 相当大的	The project requires a substantial investment.	这个项目需要相当大的投入。
justify	v. 证明……有道理	The benefits do not justify the cost.	这些好处不足以证明这笔开支是合理的。
eliminate	v. 消除	We need to eliminate unnecessary steps.	我们需要消除不必要的步骤。
comprehensive	adj. 全面的	The report provides a comprehensive review.	这份报告提供了全面的综述。
ambiguous	adj. 含糊的；有歧义的	The instruction is ambiguous and needs clarification.	这条指令含糊不清，需要进一步说明。
arbitrary	adj. 任意的；武断的	The limit seems arbitrary rather than carefully chosen.	这个限制似乎是任意设定的，而非经过仔细选择。
coherent	adj. 连贯的	Her essay presents a coherent argument.	她的文章提出了一个连贯的论证。
compensate	v. 补偿	The company agreed to compensate customers for the delay.	公司同意补偿客户因延误而受到的损失。
conceive	v. 构想	It is difficult to conceive a better solution.	很难构想出更好的解决方案。
constrain	v. 限制	Limited resources can constrain our choices.	有限的资源可能限制我们的选择。
controversy	n. 争议	The proposal caused considerable controversy.	这项提议引起了相当大的争议。
deteriorate	v. 恶化	The situation may deteriorate without action.	如果不采取行动，情况可能会恶化。
distinguish	v. 区分	We must distinguish facts from opinions.	我们必须区分事实和观点。
empirical	adj. 基于观察或实验的	The claim needs empirical evidence.	这个说法需要观察或实验得出的证据。
enhance	v. 提高；增强	Regular practice can enhance your confidence.	经常练习可以增强你的信心。
evaluate	v. 评估	We need to evaluate the results carefully.	我们需要仔细评估结果。
feasible	adj. 可行的	The plan is feasible within our budget.	这个计划在我们的预算范围内是可行的。
fundamental	adj. 基本的；根本的	Trust is a fundamental part of teamwork.	信任是团队合作的基本组成部分。
inevitable	adj. 不可避免的	Some mistakes are inevitable during learning.	学习过程中有些错误是不可避免的。
incentive	n. 激励；诱因	The prize gave students an incentive to practise.	这个奖项给了学生练习的动力。
implement	v. 实施	The school will implement the new plan next term.	学校将在下学期实施新计划。
legitimate	adj. 合理的；正当的	The students raised a legitimate concern.	学生们提出了一个合理的担忧。
nevertheless	adv. 然而；尽管如此	The task was difficult; nevertheless, we finished it.	这项任务很困难，尽管如此，我们还是完成了。
proportion	n. 比例	A large proportion of the students walk to school.	很大一部分学生步行上学。
reinforce	v. 加强；巩固	Short reviews can reinforce what you have learned.	简短的复习可以巩固你学过的内容。
reluctant	adj. 不情愿的	He was reluctant to ask for help.	他不情愿寻求帮助。
sufficient	adj. 足够的	We have sufficient time to check the answers.	我们有足够的时间核对答案。
substitute	v. 替代	You can substitute yogurt for cream in this recipe.	在这个食谱中，你可以用酸奶替代奶油。
underlying	adj. 潜在的；根本的	We need to identify the underlying cause.	我们需要找出根本原因。
virtually	adv. 几乎	The two methods are virtually identical.	这两种方法几乎完全相同。
vulnerable	adj. 脆弱的；易受伤害的	Young plants are vulnerable to cold weather.	幼苗容易受到寒冷天气的伤害。
welfare	n. 福利；福祉	The organisation works to improve animal welfare.	这个组织致力于改善动物福利。
withdraw	v. 撤回；退出	She decided to withdraw her application.	她决定撤回申请。
yield	v. 产生；带来	The experiment may yield useful information.	这项实验可能产生有用的信息。
