# Reviewed concise primary meanings; not claimed to be exam sense-frequency statistics.
point	n. 点；要点；观点
state	n. 状态；州；国家；v. 陈述
interest	n. 兴趣；利息；利益
level	n. 水平；程度；adj. 平的
court	n. 法院；球场
effect	n. 影响；效果
line	n. 线；队列；路线
authority	n. 权力；当局；权威
rate	n. 比率；速度；价格
general	adj. 一般的；总体的；n. 将军
offer	v. 提供；提议；n. 出价
view	n. 观点；景色；v. 看待
term	n. 术语；学期；期限
public	adj. 公众的；公开的；n. 公众
figure	n. 数字；人物；v. 认为；计算
course	n. 课程；过程；路线
value	n. 价值；v. 重视
force	n. 力量；v. 强迫
patient	n. 病人；adj. 耐心的
major	adj. 主要的；n. 专业；v. 主修
condition	n. 状况；条件
reach	v. 到达；达到；n. 范围
sense	n. 感觉；意识；意义
particular	adj. 特定的；特别的
special	adj. 特别的；专门的
whole	adj. 整个的；n. 整体
support	v. 支持；支撑；n. 支持
stage	n. 阶段；舞台
trade	n. 贸易；v. 交易
record	n. 记录；v. 记录
apply	v. 申请；应用；适用
claim	v. 声称；要求；n. 主张
rule	n. 规则；v. 统治
nature	n. 大自然；本质；性质
unit	n. 单元；单位
movement	n. 运动；移动
property	n. 财产；特性
board	n. 木板；董事会；v. 登上交通工具
operation	n. 操作；手术；运转
share	v. 分享；n. 份额；股份
contract	n. 合同；v. 收缩
yield	v. 产生；让步；n. 产量
used	adj. 用过的；二手的；习惯的
various	adj. 各种各样的；不同的
rise	v. 上升；增长；n. 上涨
represent	v. 代表；表示；象征
site	n. 地点；场所
loss	n. 损失；丧失
standard	n. 标准；adj. 标准的
purpose	n. 目的；用途
benefit	n. 好处；v. 受益；有益于
prove	v. 证明；证明是
argue	v. 争论；论证；主张
charge	n. 费用；指控；v. 收费；充电
pattern	n. 模式；图案
design	n. 设计；v. 设计
royal	adj. 王室的；皇家的
population	n. 人口
despite	prep. 尽管
pressure	n. 压力；压强
performance	n. 表现；演出；性能
knowledge	n. 知识；了解
further	adj. 进一步的；adv. 进一步地；v. 促进
introduce	v. 介绍；引入
series	n. 系列；连续的一组
environment	n. 环境
success	n. 成功；成就
analysis	n. 分析
natural	adj. 自然的；天然的
thought	n. 想法；思考；think 的过去式和过去分词
ensure	v. 确保；保证
region	n. 地区；区域
space	n. 空间；太空
list	n. 清单；v. 列出
statement	n. 声明；陈述
relation	n. 关系；联系
step	n. 步骤；脚步；v. 迈步
principle	n. 原则；原理
demand	n. 需求；v. 要求
labour	n. 劳动；劳工；v. 努力工作
choice	n. 选择；选择权
refer	v. 提及；查阅；参考
capital	n. 首都；资本；大写字母
player	n. 运动员；选手；播放器
individual	n. 个人；adj. 个体的；个人的
attempt	n. 尝试；v. 尝试
feature	n. 特征；v. 以……为特色
association	n. 协会；关联
income	n. 收入
effort	n. 努力
relate	v. 联系；讲述
following	adj. 接下来的；下列的
manage	v. 管理；设法做到
affect	v. 影响
current	adj. 当前的；n. 水流；电流
technology	n. 技术
identify	v. 识别；确认
media	n. 媒体
whatever	pron. 无论什么
degree	n. 程度；学位；度数
legal	adj. 合法的；法律的
energy	n. 能量；精力
treatment	n. 治疗；处理；待遇
cell	n. 细胞；小室；电池
growth	n. 增长；生长
mile	n. 英里
compare	v. 比较
top	n. 顶部；adj. 顶尖的
task	n. 任务
risk	n. 风险；v. 冒险
function	n. 功能；函数；v. 运作
provision	n. 提供；规定；供应品
county	n. 郡；县
resource	n. 资源
defence	n. 防御；辩护
style	n. 风格；样式
obtain	v. 获得
announce	v. 宣布
response	n. 回应；反应
hall	n. 大厅；礼堂
skill	n. 技能；技巧
character	n. 性格；人物；字符
user	n. 用户；使用者
serious	adj. 严重的；认真的；严肃的
normal	adj. 正常的；通常的
indicate	v. 表明；指示
wonder	v. 想知道；n. 惊奇；奇迹
investment	n. 投资
economy	n. 经济；节约
suffer	v. 遭受；受苦
recently	adv. 最近
previous	adj. 以前的；先前的
maintain	v. 维持；保养；坚持
publish	v. 出版；发表
France	n. 法国
responsibility	n. 责任；职责
total	adj. 总的；n. 总数；v. 合计
concern	n. 担忧；v. 涉及；使担心
prime	adj. 主要的；n. 鼎盛时期
express	v. 表达；adj. 快速的；n. 快递
suppose	v. 假设；认为
significant	adj. 重要的；显著的
element	n. 要素；元素
determine	v. 决定；确定
duty	n. 责任；职责；税
save	v. 节省；保存；拯救
tend	v. 倾向于；照料
fund	n. 资金；基金；v. 提供资金
suddenly	adv. 突然
title	n. 标题；头衔
treat	v. 对待；治疗；款待
throughout	prep. 遍及；贯穿整个时期
discussion	n. 讨论
generally	adv. 通常；一般而言
aspect	n. 方面
industrial	adj. 工业的
chairman	n. 主席；会长
remove	v. 移除；去掉
exist	v. 存在
customer	n. 顾客；客户
institution	n. 机构；制度
encourage	v. 鼓励；促进
specific	adj. 具体的；特定的
appropriate	adj. 适当的
profit	n. 利润；v. 获利
reflect	v. 反映；反射；深思
assume	v. 假设；承担
stone	n. 石头
measure	n. 措施；v. 测量
conference	n. 会议
division	n. 部门；划分；除法
prepare	v. 准备
replace	v. 替换；取代
procedure	n. 程序；步骤；手续
commission	n. 委员会；佣金；v. 委托
proposal	n. 提议；方案
unless	conj. 除非
improve	v. 改善；提高
image	n. 形象；图像
circumstance	n. 情况；环境
client	n. 客户；委托人
obviously	adv. 显然
